<?xml version="1.0" ?><Doctors><Doctor><name id="1">KK</name><lastname>Huang</lastname><gender>Male</gender><subject>super</subject><lastLoginTime>2019/04/17 12:15:47</lastLoginTime></Doctor><Doctor><name id="2">johnson</name><lastname>chen</lastname><gender>Male</gender><subject>dick</subject><lastLoginTime>2019/04/17 12:15:47</lastLoginTime></Doctor><Doctor><name id="3">Lion</name><lastname>lion</lastname><gender>Female</gender><subject>loin</subject><lastLoginTime>2019/04/17 12:15:47</lastLoginTime></Doctor></Doctors>