<?xml version="1.0" ?><patients><patient><name id="1">David</name><lastname>long</lastname><gender>Male</gender><disease>headache</disease><doctorId>1</doctorId><medicalrecords>stomach</medicalrecords><note>no seafood</note></patient><patient><name id="2">human</name><lastname>being</lastname><gender>Male</gender><disease>hand</disease><doctorId>1</doctorId><medicalrecords>foot</medicalrecords><note>no meat</note></patient><patient><name id="3">jj</name><lastname>jj</lastname><gender>Male</gender><disease>jj</disease><doctorId>3</doctorId><medicalrecords>jjj</medicalrecords><note>cancer</note></patient></patients>